mcse	mcse_error_up	mcse_error_down	mcse_power	mcse_power_up	mcse_power_down	mcs	mcs_error_up	mcs_error_down	bootstrap	backend	dataset	estimator	estimand
2.772588722239781	8.317766166719343	3.4657359027997265	0.5005555555555555	0.49855555555555553	0.5516666666666666	4.1588830833596715	3.4657359027997265	4.852030263919617	1	alexnet	MNIST	<class 'cnnMCSE.models.A3'>	<class 'cnnMCSE.models.FCN'>
2.772588722239781	8.317766166719343	3.4657359027997265	0.5005555555555556	0.5	0.5012777777777779	4.852030263919617	4.1588830833596715	5.545177444479562	1	alexnet	FMNIST	<class 'cnnMCSE.models.A3'>	<class 'cnnMCSE.models.FCN'>
4.852030263919617	4.1588830833596715	5.545177444479562	0.4999444444444447	0.5	0.5	4.852030263919617	4.1588830833596715	5.545177444479562	1	alexnet	KMNIST	<class 'cnnMCSE.models.A3'>	<class 'cnnMCSE.models.FCN'>
2.772588722239781	8.317766166719343	3.4657359027997265	0.5097962962962962	0.5073240740740741	0.4996018518518519	7.6246189861593985	6.931471805599453	8.317766166719343	1	alexnet	QMNIST	<class 'cnnMCSE.models.A3'>	<class 'cnnMCSE.models.FCN'>
2.772588722239781	8.317766166719343	3.4657359027997265	0.5507777777777777	0.5	0.5051666666666668	2.772588722239781	8.317766166719343	3.4657359027997265	1	alexnet	EMNIST	<class 'cnnMCSE.models.A3'>	<class 'cnnMCSE.models.FCN'>
2.772588722239781	8.317766166719343	3.4657359027997265	0.5039444444444444	0.49988888888888894	0.5448333333333334	4.852030263919617	4.1588830833596715	5.545177444479562	1	alexnet	CIFAR10	<class 'cnnMCSE.models.A3'>	<class 'cnnMCSE.models.FCN'>
2.772588722239781	8.317766166719343	3.4657359027997265	0.6005555555555555	0.5	0.5497222222222223	4.1588830833596715	3.4657359027997265	4.852030263919617	1	alexnet	STL10	<class 'cnnMCSE.models.A3'>	<class 'cnnMCSE.models.FCN'>
4.1588830833596715	3.4657359027997265	4.852030263919617	0.5013333333333334	0.5008333333333334	0.4986666666666667	4.852030263919617	4.1588830833596715	5.545177444479562	1	alexnet	FAKE	<class 'cnnMCSE.models.A3'>	<class 'cnnMCSE.models.FCN'>
